<?xml version="1.0" encoding="utf-8"?>
<extension type="plugin" version="3.1" group="content" method="upgrade">
	<name>Inhalt - LUPO Spiel</name>
    <author>Stefan Bauer</author>
    <creationDate>September 23, 2024</creationDate>
    <copyright>Copyright (C) databauer / Stefan Bauer</copyright>
    <license>GNU General Public License version 2 or later; see LICENSE.txt</license>
    <authorEmail>stefan@databauer.ch</authorEmail>
    <authorUrl>https://www.ludothekprogramm.ch</authorUrl>
    <version>4.4.3</version>
    <description>LUPO - [spiel 1002.3] zeigt das Spiel mit der Nummer 1002.3 an</description>
	<files>
		<filename plugin="lupotoy">lupotoy.php</filename>
    </files>
</extension>
