<?xml version="1.0" encoding="UTF-8" ?>
<extension type="package" version="3.1" method="upgrade">
    <name>LUPO</name>
    <packagename>LUPO</packagename>
    <version>4.5.0</version>
    <description>LUPO Spielliste für Joomla</description>
    <creationDate>November 08, 2024</creationDate>
	<copyright>Copyright (C) databauer / Stefan Bauer</copyright>
	<license>License GNU General Public License version 2 or later</license>
	<author>Stefan Bauer</author>
	<authorEmail>stefan@databauer.ch</authorEmail>
	<authorUrl>https://www.ludothekprogramm.ch</authorUrl>

    <blockChildUninstall>false</blockChildUninstall>
    <scriptfile>script.php</scriptfile>

    <files folder="packages">
        <file type="component" id="com_lupo">com_lupo.zip</file>
        <file type="module" id="mod_lupo_categories" client="site">mod_lupo_categories.zip</file>
        <file type="module" id="mod_lupo_login" client="site">mod_lupo_login.zip</file>
        <file type="module" id="mod_lupo_loginlink" client="site">mod_lupo_loginlink.zip</file>
        <file type="plugin" id="plg_quickicon_lupo" group="quickicon">plg_quickicon_lupo.zip</file>
        <file type="plugin" id="plg_quickicon_lupowidgetkit" group="quickicon">plg_quickicon_lupowidgetkit.zip</file>
        <file type="plugin" id="plg_search_lupo" group="search">plg_search_lupo.zip</file>
        <file type="plugin" id="plg_search_lupogenres" group="search">plg_search_lupogenres.zip</file>
        <file type="plugin" id="plg_content_lupoprivacy" group="content">plg_content_lupoprivacy.zip</file>
        <file type="plugin" id="plg_content_lupototaltoys" group="content">plg_content_lupototaltoys.zip</file>
        <file type="plugin" id="plg_content_lupotoy" group="content">plg_content_lupotoy.zip</file>
        <file type="plugin" id="plg_content_luporandomquote" group="content">plg_content_luporandomquote.zip</file>
    </files>

    <updateservers></updateservers>
</extension>
