<?xml version="1.0" encoding="utf-8"?>
<extension type="plugin" group="editors-xtd" method="upgrade">
    <name>Editors-XTD - LUPO Spiel</name>
    <author>Stefan Bauer</author>
    <creationDate>February 23, 2026</creationDate>
    <copyright>Copyright (C) databauer / Stefan Bauer</copyright>
    <license>GNU General Public License version 2 or later; see LICENSE.txt</license>
    <authorEmail>stefan@databauer.ch</authorEmail>
    <authorUrl>https://www.ludothekprogramm.ch</authorUrl>
    <version>4.11.0</version>
    <description>LUPO - Editor-Button um ein Spiel mit dem Shorttag [lupo] einzufügen</description>
    <files>
        <filename plugin="lupotoy">lupotoy.php</filename>
    </files>
</extension>
