<?xml version="1.0" encoding="utf-8"?>
<extension version="3.8" type="plugin" group="quickicon" method="upgrade">
	<name>LUPO Quick Icons</name>
	<author>Stefan Bauer</author>
	<creationDate>December 1, 2023</creationDate>
	<copyright>Copyright (C) databauer / Stefan Bauer</copyright>
	<license>License GNU General Public License version 2 or later</license>
	<authorEmail>stefan@databauer.ch</authorEmail>
	<authorUrl>https://www.ludothekprogramm.ch</authorUrl>
	<version>4.1.1</version>
	<description>Quick Icons module for LUPO</description>
	<files folder="plugins/quickicon/lupo">
		<filename plugin="lupo">lupo.php</filename>
	</files>
	<languages>
		<language tag="en-GB">language/en-GB.plg_quickicon_lupo.ini</language>
		<language tag="en-GB">language/en-GB.plg_quickicon_lupo.sys.ini</language>
		<language tag="de-DE">language/de-DE.plg_quickicon_lupo.ini</language>
		<language tag="de-DE">language/de-DE.plg_quickicon_lupo.sys.ini</language>
	</languages>
</extension>
